{"main":"super-movies-sapi.raml","name":"Super Movies SAPI","classifier":"raml","tags":[],"dependencies":[{"groupId":"org.mule.examples","assetId":"basic-auth-securityscheme","version":"1.0.0"},{"groupId":"org.mule.connectivity","assetId":"rest-connect-library","version":"1.0.2"}],"groupId":"bdb6e25b-16ed-4771-84fb-73c7030526fa","assetId":"super-movies-sapi","version":"1.0.0","apiVersion":"v1","originalFormatVersion":"1.0","metadata":{"projectId":"124a0898-99c5-4814-a3ed-7bb220f2ac52","branchId":"master","commitId":"e05f1f7464d319817e30832ad9dc6ec5289b8c46"}}